{
  "integrations": [
    {
      "id": "c441c933-c53f-4a4a-87e3-ccd9ef4acaa5",
      "name": "Conference - Problem",
      "action": "CREATE_EVENT",
      "type": "INBOUND_WEBHOOK",
      "deployed": true,
      "form": "dbddeecb-3b3d-4e76-aa69-fd36582545cf",
      "script": "var util = require('util');\n\n// Set up the payload\ntrigger = JSON.parse(request.body);\n\n// Create xMatters event\nvar response = form.post(trigger);\n\n// Handle the response\nif (util.isValidStatusCode(response.statusCode)) {\n    console.log(\"Engage with xMatters succeeded with response: \" + JSON.stringify(response));\n} else {\n    console.log(\"Engage with xMatters failed with response: \" + JSON.stringify(response));\n    throw response;\n}\n",
      "environment": "HOSTED"
    },
    {
      "id": "743ea09d-2b00-4196-9f40-ec84af31997b",
      "name": "Engage with xMatters - Problem",
      "action": "CREATE_EVENT",
      "type": "INBOUND_WEBHOOK",
      "deployed": true,
      "form": "eef3f48e-e8c9-4827-8e66-3c1906aeaa1f",
      "script": "var util = require('util');\n\n// Set up the payload\ntrigger = JSON.parse(request.body);\n\n// Create xMatters event\nvar response = form.post(trigger);\n\n// Handle the response\nif (util.isValidStatusCode(response.statusCode)) {\n    console.log(\"Engage with xMatters succeeded with response: \" + JSON.stringify(response));\n} else {\n    console.log(\"Engage with xMatters failed with response: \" + JSON.stringify(response));\n    throw response;\n}\n",
      "environment": "HOSTED"
    }
  ],
  "endpoints": [
    {
      "name": "ServiceNow",
      "baseUrl": "https://my.servicenow.com",
      "type": "EXTERNAL",
      "authentication": "NO_AUTH"
    }
  ],
  "constants": [
    {
      "name": "ServiceNow xMatters Application Prefix",
      "value": "x_xma_xmatters",
      "description": "The prefix applied to all pieces of the xMatters Application within ServiceNow"
    }
  ]
}