[
  {
    "name": "util",
    "script": "/**\n * Usage:\n */\n\nvar EVENT_STATUS = {\n    ACTIVE: 'ACTIVE',\n    SUSPENDED: 'SUSPENDED',\n    TERMINATED: 'TERMINATED'\n};\n\nvar isValidStatusCode = function(statusCode) {\n    return statusCode >= 200 && statusCode <= 299;\n};\n\nvar getEvents = function(status, propertyNames, propertyValues) {    \n    // Prepare the HTTP request to locate existing active events\n    var getEvents = http.request({\n        'endpoint': 'xMatters',\n        'method': 'GET',\n        'path': '/api/xm/1/events?status=' + status + '&propertyName=' + propertyNames.join(',') + '&propertyValue=' + propertyValues.join(','),\n        'headers': {\n            'Content-Type': 'application/json'\n        }\n    });\n    var response = getEvents.write();\n    if(isValidStatusCode(response.statusCode)) {\n        var events = [];\n        if(response.body) {\n            events = JSON.parse(response.body).data;\n        } \n        return events;\n    } else {\n        throw 'getEvents returned an error: ' + response.statusCode;\n    }\n};\n\nvar terminateEvent = function(eventId) {\n    var response = http.request({\n        'endpoint': 'xMatters',\n        'method': 'POST',\n        'path': '/api/xm/1/events',\n        'headers': {\n            'Content-Type': 'application/json'\n        }\n    }).write({\n        id: eventId,\n        status: EVENT_STATUS.TERMINATED\n    });\n    if(isValidStatusCode(response.statusCode)) {\n        return true;\n    } else {\n        return false;\n    }\n};\n\n/**\n * Determine if an HTTP status code represents success\n *\n * @param {number} statusCode from an HTTP request\n * @returns {boolean} true if successful; false otherwise\n */\nexports.isValidStatusCode = isValidStatusCode;\n\n/**\n * Terminate active events matching a set of properties\n *\n * Note: When property is a string type, be sure to include the language\n *       with the property name (e.g. \"alert_id#en\"). If the property is\n *       a numeric, however, do not include the language (e.g.\n *       \"alert_count\").\n *\n * @param {Object} properties a set of properties to search\n * @returns {void}\n */\nexports.terminateEvents = function (properties) {\n    // Prepare the search criteria for matching events\n    var propNames = [];\n    var propValues = [];\n    for (var key in properties) {\n        propNames.push(encodeURIComponent(key));\n        propValues.push(encodeURIComponent(properties[key]));\n    }\n\n    if(propNames.length <= 0) {\n        console.log('Skipping terminate events because it was called without any search properties');\n        return false;\n    }\n\n    var isSuccessful = true;\n    try {\n        var activeEvents = getEvents(EVENT_STATUS.ACTIVE, propNames, propValues);\n        for(var i = 0; i < activeEvents.length; i++) {\n            isSuccessful = terminateEvent(activeEvents[i].id) && isSuccessful;\n        }\n    } catch(e) {\n        console.log('A problem occurred while terminating active events: ' + JSON.stringify(e));\n        isSuccessful = false;\n    }\n\n    try {\n        var suspendedEvents = getEvents(EVENT_STATUS.SUSPENDED, propNames, propValues);\n        for(var j = 0; j < suspendedEvents.length; j++) {\n            isSuccessful = terminateEvent(suspendedEvents[j].id) && isSuccessful;\n        }\n    } catch(e) {\n        console.log('A problem occurred while terminating suspended events: ' + JSON.stringify(e));\n        isSuccessful = false;\n    }\n\n    return isSuccessful;\n};"
  },
  {
    "name": "xm-servicenow-client",
    "script": "/**\n * xMatters ServiceNow client\n *\n * @param {string} snow_prefix          the ServiceNow xMatters Application Prefix\n * @param {string} endpoint             the endpoint to use for xMatters ServiceNow instance\n * @constructor\n */\nvar XMServiceNowClient = function (snow_prefix, endpoint) {\n    this.headers = {\"Content-Type\": \"application/json\"};\n    this.endpoint = endpoint;\n    this.baseUrl = '/api/' + snow_prefix + '/xm';\n};\n\n/**\n * Send an outbound event creation callback to ServiceNow\n *\n * @param {string} entity               the entity (incident or engage)\n * @param {{}} callbackPayload          the payload\n * @returns {Object}                    containing the response from the API call\n */\nXMServiceNowClient.prototype.sendEventCreationCallback = function ( entity, callbackPayload ) {\n    if (!entity || entity.length <= 0) {\n        throw 'entity parameter is missing or empty';\n    }\n    if (!callbackPayload) {\n        throw 'callbackPayload parameter is missing or empty';\n    }\n\n    var url = '/' + entity ;\n    callbackPayload.mode = 'eventCreation';\n    return this.postPayload(url, callbackPayload);\n};\n\n/**\n * Send an outbound delivery callback to ServiceNow\n *\n * @param {string} entity               the entity (incident or engage)\n * @param {{}} callbackPayload          the payload\n * @returns {Object}                    containing the response from the API call\n */\nXMServiceNowClient.prototype.sendDeliveryCallback = function ( entity, callbackPayload ) {\n    if (!entity || entity.length <= 0) {\n        throw 'entity parameter is missing or empty';\n    }\n    if (!callbackPayload) {\n        throw 'callbackPayload parameter is missing or empty';\n    }\n\n    var url = '/' + entity ;\n    callbackPayload.mode = 'deliveryStatus';\n    return this.postPayload(url, callbackPayload);\n};\n\n/**\n * Send an outbound response callback to ServiceNow\n *\n * @param {string} entity               the entity (incident or engage)\n * @param {{}} callbackPayload          the payload\n * @returns {Object}                    containing the response from the API call\n */\nXMServiceNowClient.prototype.sendResponseCallback = function ( entity, callbackPayload ) {\n    if (!entity || entity.length <= 0) {\n        throw 'entity parameter is missing or empty';\n    }\n    if (!callbackPayload) {\n        throw 'callbackPayload parameter is missing or empty';\n    }\n\n    var url = '/' + entity ;\n    callbackPayload.mode = 'response';\n    return this.postPayload(url, callbackPayload);\n};\n\n/**\n * Send an outbound status callback to ServiceNow\n *\n * @param {string} entity               the entity (incident or engage)\n * @param {{}} callbackPayload          the payload\n * @returns {Object}                    containing the response from the API call\n */\nXMServiceNowClient.prototype.sendStatusCallback = function ( entity, callbackPayload ) {\n    if (!entity || entity.length <= 0) {\n        throw 'entity parameter is missing or empty';\n    }\n    if (!callbackPayload) {\n        throw 'callbackPayload parameter is missing or empty';\n    }\n\n    var url = '/' + entity ;\n    callbackPayload.mode = 'status';\n    return this.postPayload(url, callbackPayload);\n};\n\n/**\n * Add a note and optionally acknowledge an active alert in ServiceNow\n *\n * @param {string} url                  the partial url of the ServiceNow endpoint\n * @param {Object} callbackPayload      payload to send in the request\n * @returns {Object} response from the http request\n */\nXMServiceNowClient.prototype.postPayload = function ( url, callbackPayload ) {\n    return http.request({\n        endpoint: this.endpoint,\n        path: this.baseUrl + url,\n        method: 'POST',\n        headers: this.headers\n    }).write(callbackPayload);\n};\n\n// factory method to build a new client for a given endpoint\nexports.buildXMServiceNowClient = function (snow_prefix, endpoint) {\n    if(!snow_prefix || snow_prefix.length <= 0) {\n        snow_prefix = 'x_xma_xmatters';\n    }\n    if(!endpoint || endpoint.length <= 0) {\n        endpoint = 'ServiceNow';\n    }\n    return new XMServiceNowClient(snow_prefix, endpoint);\n};\n"
  }
]